,>= +0.00%,<= -0.00%,>= +0.05%,<= -0.05%,>= +0.10%,<= -0.10%,>= +0.15%,<= -0.15%,>= +0.20%,<= -0.20%,>= +0.25%,<= -0.25%,>= +0.30%,<= -0.30%,>= +0.35%,<= -0.35%,>= +0.40%,<= -0.40%,>= +0.45%,<= -0.45%,>= +0.50%,<= -0.50%,>= +0.55%,<= -0.55%,>= +0.60%,<= -0.60%,>= +0.65%,<= -0.65%,>= +0.70%,<= -0.70%,>= +0.75%,<= -0.75%,>= +0.80%,<= -0.80%,>= +0.85%,<= -0.85%,>= +0.90%,<= -0.90%,>= +0.95%,<= -0.95%,>= +1.00%,<= -1.00%,>= +1.05%,<= -1.05%,>= +1.10%,<= -1.10%,>= +1.15%,<= -1.15%,>= +1.20%,<= -1.20%,>= +1.25%,<= -1.25%,>= +1.30%,<= -1.30%,>= +1.35%,<= -1.35%,>= +1.40%,<= -1.40%,>= +1.45%,<= -1.45%,>= +1.50%,<= -1.50%,>= +1.55%,<= -1.55%,>= +1.60%,<= -1.60%,>= +1.65%,<= -1.65%,>= +1.75%,<= -1.75%,>= +1.80%,<= -1.80%,>= +1.85%,<= -1.85%,>= +1.90%,<= -1.90%,>= +1.95%,<= -1.95%,>= +2.00%,<= -2.00%
1m TTC,47.87,52.2,27.48,29.41,15.17,13.19,7.88,5.82,4.43,2.73,2.4,1.36,1.33,0.7,0.79,0.36,0.52,0.17,0.32,0.08,0.21,0.06,0.15,0.05,0.11,0.04,0.1,0.03,0.08,0.01,0.07,0.01,0.06,0.0,0.06,0.0,0.04,0.0,0.03,0.0,0.03,0.0,0.03,0.0,0.03,0.0,0.02,0.0,0.02,0.0,0.02,0.0,0.02,0.0,0.02,0.0,0.02,0.0,0.0,0.0,0.0,0.0,0.0,0.0,0.0,0.0,0.0,0.0,0.0,0.0,0.0,0.0,0.0,0.0,0.0,0.0,0.0,0.0,0.0,0.0
2m TTC,48.3,51.74,32.77,34.61,21.61,21.23,13.5,12.29,8.39,7.0,5.36,4.03,3.53,2.34,2.24,1.39,1.58,0.92,1.09,0.55,0.83,0.36,0.6,0.25,0.48,0.2,0.39,0.12,0.29,0.09,0.23,0.05,0.19,0.04,0.15,0.03,0.11,0.01,0.11,0.01,0.09,0.01,0.07,0.0,0.06,0.0,0.06,0.0,0.06,0.0,0.06,0.0,0.05,0.0,0.04,0.0,0.04,0.0,0.03,0.0,0.03,0.0,0.03,0.0,0.03,0.0,0.03,0.0,0.02,0.0,0.02,0.0,0.02,0.0,0.02,0.0,0.02,0.0,0.02,0.0
3m TTC,48.57,51.45,35.04,37.47,24.78,25.24,17.45,16.62,11.63,10.58,7.97,6.61,5.67,4.2,3.88,2.77,2.85,1.97,2.21,1.37,1.73,1.0,1.36,0.73,1.07,0.55,0.84,0.39,0.67,0.29,0.52,0.26,0.43,0.19,0.31,0.11,0.26,0.08,0.2,0.07,0.18,0.06,0.16,0.05,0.14,0.04,0.13,0.04,0.09,0.04,0.08,0.03,0.08,0.03,0.07,0.03,0.07,0.03,0.06,0.02,0.06,0.01,0.06,0.01,0.05,0.01,0.05,0.01,0.05,0.01,0.05,0.01,0.03,0.01,0.02,0.01,0.02,0.01,0.01,0.01
4m TTC,48.8,51.23,37.25,39.17,27.38,28.16,19.73,19.63,13.88,13.03,10.06,8.85,7.18,6.08,5.38,4.09,4.05,2.86,3.16,2.0,2.42,1.5,1.92,1.2,1.5,0.9,1.19,0.72,0.96,0.57,0.78,0.42,0.64,0.34,0.52,0.25,0.39,0.22,0.34,0.19,0.3,0.16,0.23,0.13,0.18,0.12,0.18,0.11,0.13,0.11,0.1,0.09,0.09,0.07,0.08,0.06,0.07,0.03,0.06,0.02,0.06,0.02,0.06,0.02,0.05,0.02,0.05,0.02,0.02,0.01,0.02,0.01,0.02,0.01,0.02,0.01,0.02,0.01,0.02,0.01
5m TTC,48.5,51.5,38.12,40.43,28.89,30.42,21.5,21.9,15.53,15.51,11.44,10.95,8.69,7.73,6.38,5.54,4.87,4.14,3.96,2.86,3.23,2.11,2.57,1.58,2.12,1.25,1.7,0.99,1.38,0.84,1.08,0.71,0.88,0.61,0.76,0.53,0.66,0.44,0.44,0.32,0.39,0.23,0.36,0.21,0.31,0.2,0.28,0.18,0.25,0.15,0.21,0.13,0.14,0.13,0.1,0.13,0.08,0.12,0.08,0.12,0.07,0.11,0.06,0.1,0.06,0.06,0.05,0.05,0.03,0.03,0.03,0.03,0.03,0.02,0.03,0.02,0.03,0.01,0.03,0.01
6m TTC,48.5,51.51,38.44,41.83,29.71,32.41,22.5,24.11,17.06,17.15,12.9,12.4,10.34,9.17,8.08,6.84,6.32,5.1,4.9,3.66,3.7,2.8,3.02,2.08,2.51,1.7,2.02,1.38,1.68,1.12,1.4,0.89,1.15,0.68,0.91,0.55,0.73,0.47,0.63,0.37,0.49,0.32,0.41,0.3,0.32,0.29,0.29,0.27,0.27,0.24,0.23,0.23,0.21,0.16,0.18,0.16,0.16,0.15,0.16,0.12,0.15,0.11,0.1,0.09,0.07,0.08,0.05,0.07,0.05,0.07,0.05,0.06,0.04,0.03,0.03,0.03,0.03,0.03,0.02,0.03
7m TTC,48.21,51.79,39.25,42.7,30.83,33.71,23.94,25.63,18.36,19.17,14.11,14.28,11.01,10.68,8.85,8.01,7.02,5.92,5.53,4.5,4.53,3.39,3.67,2.47,2.93,1.81,2.33,1.51,2.05,1.2,1.66,0.95,1.31,0.81,1.12,0.73,0.93,0.66,0.76,0.56,0.65,0.45,0.54,0.35,0.45,0.33,0.36,0.26,0.28,0.25,0.21,0.24,0.18,0.2,0.15,0.19,0.15,0.17,0.12,0.17,0.1,0.16,0.09,0.13,0.08,0.1,0.08,0.07,0.07,0.05,0.05,0.04,0.04,0.04,0.03,0.04,0.03,0.04,0.03,0.03
8m TTC,48.45,51.55,39.3,42.92,31.36,34.72,24.91,27.48,19.63,20.69,15.28,15.88,11.84,12.25,9.46,9.21,7.52,6.97,6.17,5.38,5.03,4.0,4.04,3.11,3.31,2.46,2.73,2.0,2.22,1.6,1.87,1.23,1.66,1.07,1.33,0.82,1.07,0.68,0.91,0.55,0.8,0.5,0.66,0.47,0.47,0.44,0.37,0.36,0.33,0.34,0.31,0.27,0.28,0.26,0.26,0.23,0.21,0.16,0.17,0.13,0.16,0.13,0.13,0.1,0.12,0.1,0.1,0.09,0.09,0.08,0.08,0.08,0.06,0.06,0.04,0.04,0.04,0.04,0.04,0.04
9m TTC,48.08,51.92,39.79,43.71,32.56,34.89,25.88,28.08,20.75,22.02,16.74,16.62,13.46,13.04,10.63,10.3,8.56,7.85,6.95,5.91,5.61,4.58,4.69,3.65,3.88,2.92,3.17,2.35,2.57,1.89,2.1,1.54,1.8,1.27,1.52,0.98,1.28,0.84,1.05,0.74,0.82,0.6,0.66,0.51,0.53,0.47,0.48,0.4,0.42,0.37,0.35,0.36,0.27,0.29,0.23,0.29,0.19,0.25,0.16,0.23,0.15,0.18,0.13,0.16,0.12,0.13,0.11,0.12,0.1,0.09,0.08,0.07,0.08,0.07,0.08,0.06,0.06,0.06,0.06,0.06
10m TTC,47.75,52.25,39.91,44.0,32.59,36.21,26.36,29.13,22.0,23.21,17.7,18.01,14.43,13.99,11.78,10.85,9.57,8.63,7.97,6.79,6.53,5.33,5.29,4.15,4.38,3.2,3.57,2.58,2.95,2.2,2.35,1.84,2.01,1.47,1.76,1.13,1.54,0.97,1.2,0.79,0.95,0.67,0.8,0.57,0.68,0.51,0.51,0.48,0.44,0.45,0.39,0.39,0.34,0.35,0.34,0.33,0.29,0.3,0.23,0.26,0.21,0.23,0.19,0.18,0.15,0.16,0.13,0.15,0.12,0.08,0.1,0.06,0.09,0.06,0.08,0.06,0.08,0.06,0.06,0.05
11m TTC,47.47,52.53,39.52,44.69,33.08,37.09,27.26,30.52,22.47,24.39,18.17,18.88,15.1,14.51,12.65,11.45,10.54,8.99,8.65,6.88,7.2,5.61,6.05,4.54,5.15,3.48,4.19,2.85,3.56,2.45,2.96,1.99,2.35,1.63,2.0,1.39,1.67,1.19,1.44,1.03,1.2,0.87,0.91,0.76,0.81,0.68,0.7,0.58,0.52,0.51,0.49,0.43,0.4,0.41,0.34,0.36,0.31,0.32,0.26,0.31,0.23,0.29,0.22,0.26,0.19,0.24,0.15,0.21,0.13,0.14,0.13,0.12,0.11,0.11,0.08,0.09,0.08,0.09,0.08,0.08
12m TTC,47.53,52.47,40.16,45.01,33.53,37.51,27.95,30.91,23.09,24.88,18.96,20.03,15.44,15.98,12.94,12.52,10.8,9.67,9.13,7.82,7.71,5.94,6.6,4.58,5.66,3.81,4.78,3.19,4.04,2.67,3.42,2.28,2.91,1.94,2.4,1.68,1.93,1.39,1.6,1.21,1.36,1.08,1.08,0.95,0.92,0.84,0.79,0.73,0.65,0.6,0.52,0.53,0.43,0.44,0.36,0.39,0.32,0.37,0.29,0.36,0.28,0.33,0.26,0.29,0.24,0.23,0.2,0.21,0.18,0.18,0.14,0.15,0.14,0.11,0.14,0.09,0.12,0.09,0.11,0.08
13m TTC,47.27,52.74,39.85,45.32,33.85,38.44,28.53,31.85,23.51,25.86,19.74,21.01,16.33,16.82,13.68,13.25,11.46,10.5,9.7,8.56,8.34,6.62,7.14,5.37,6.2,4.35,5.3,3.5,4.56,2.97,3.82,2.49,3.17,2.17,2.6,1.89,2.15,1.55,1.82,1.44,1.62,1.26,1.41,1.07,1.13,0.92,0.97,0.86,0.73,0.71,0.68,0.57,0.57,0.5,0.49,0.45,0.42,0.42,0.39,0.33,0.35,0.31,0.28,0.27,0.24,0.22,0.24,0.18,0.2,0.15,0.19,0.13,0.17,0.11,0.15,0.1,0.13,0.09,0.11,0.09
14m TTC,47.66,52.34,40.43,45.17,34.2,38.74,28.97,32.84,24.12,26.9,20.26,21.79,17.03,17.53,14.43,13.89,11.95,11.08,10.03,8.69,8.57,7.16,7.4,5.98,6.1,4.95,5.25,4.06,4.4,3.28,3.88,2.79,3.33,2.39,2.85,2.08,2.43,1.74,2.12,1.45,1.72,1.31,1.54,1.17,1.32,1.04,1.15,0.94,1.0,0.79,0.84,0.7,0.7,0.62,0.59,0.54,0.5,0.46,0.44,0.37,0.4,0.31,0.31,0.26,0.27,0.24,0.25,0.23,0.22,0.18,0.19,0.14,0.19,0.13,0.16,0.13,0.15,0.1,0.13,0.09
15m TTC,47.94,52.07,41.37,45.77,35.48,39.46,29.87,33.3,24.78,27.3,20.91,22.16,17.83,18.03,14.97,14.59,12.55,11.64,10.51,9.51,8.93,7.74,7.81,6.38,6.53,5.17,5.67,4.28,4.74,3.66,4.08,3.17,3.61,2.67,3.22,2.32,2.77,2.08,2.36,1.83,2.04,1.6,1.78,1.41,1.58,1.24,1.36,1.09,1.13,0.95,0.95,0.8,0.82,0.7,0.71,0.6,0.6,0.54,0.51,0.43,0.46,0.4,0.43,0.33,0.39,0.29,0.33,0.27,0.26,0.24,0.23,0.21,0.22,0.18,0.2,0.14,0.16,0.11,0.13,0.11
16m TTC,47.8,52.2,41.42,46.01,35.28,39.49,29.76,33.54,24.98,27.64,21.4,22.71,18.13,18.39,15.17,15.06,12.88,12.28,10.81,9.77,9.31,8.07,8.05,6.5,6.95,5.55,5.96,4.58,5.24,3.85,4.58,3.28,3.91,2.9,3.51,2.58,3.04,2.23,2.64,1.91,2.33,1.7,2.07,1.51,1.71,1.31,1.44,1.16,1.18,0.95,1.06,0.83,0.94,0.76,0.81,0.64,0.71,0.55,0.65,0.49,0.54,0.47,0.5,0.41,0.44,0.39,0.42,0.37,0.34,0.27,0.31,0.22,0.25,0.2,0.22,0.18,0.21,0.15,0.2,0.14
17m TTC,47.7,52.31,41.64,46.15,35.5,40.08,29.96,33.82,25.74,28.14,21.74,23.3,18.72,19.38,15.98,15.62,13.38,12.99,11.14,10.61,9.57,8.57,8.37,7.1,7.3,6.0,6.24,4.92,5.4,4.18,4.82,3.55,4.21,3.09,3.69,2.54,3.2,2.23,2.74,2.02,2.44,1.77,2.19,1.5,1.96,1.39,1.69,1.28,1.4,1.09,1.21,0.95,1.05,0.83,0.91,0.66,0.84,0.59,0.73,0.53,0.66,0.51,0.56,0.44,0.5,0.39,0.47,0.37,0.41,0.29,0.34,0.25,0.28,0.23,0.27,0.21,0.23,0.19,0.23,0.19
18m TTC,47.76,52.26,41.36,46.26,35.79,40.27,30.91,34.22,26.16,28.84,22.08,24.13,18.91,19.83,16.15,16.22,13.73,13.37,11.76,11.33,10.22,9.38,8.73,7.79,7.79,6.62,6.84,5.57,5.76,4.65,5.06,3.89,4.54,3.26,3.91,2.79,3.45,2.46,3.06,2.1,2.62,1.89,2.27,1.7,1.96,1.47,1.62,1.26,1.43,1.12,1.29,1.01,1.16,0.89,1.02,0.82,0.92,0.7,0.74,0.64,0.67,0.55,0.58,0.51,0.57,0.48,0.52,0.42,0.44,0.33,0.43,0.31,0.41,0.28,0.35,0.25,0.32,0.23,0.3,0.22
19m TTC,47.99,52.01,42.05,45.81,35.94,39.98,30.73,34.72,26.48,28.89,22.34,24.28,19.0,20.03,16.27,16.73,14.03,13.94,12.17,11.53,10.57,9.71,9.15,8.13,7.97,6.89,6.94,5.84,6.06,5.03,5.34,4.14,4.75,3.58,4.15,2.98,3.63,2.51,3.13,2.19,2.71,1.89,2.42,1.74,2.19,1.51,1.94,1.32,1.75,1.23,1.49,1.11,1.37,0.99,1.13,0.88,1.01,0.75,0.89,0.66,0.86,0.6,0.72,0.56,0.69,0.47,0.63,0.44,0.49,0.36,0.41,0.33,0.37,0.3,0.32,0.24,0.31,0.21,0.25,0.18
20m TTC,47.82,52.18,42.0,45.85,36.49,40.08,31.5,34.61,26.98,29.4,22.9,24.54,19.39,20.55,16.41,17.11,14.29,14.51,12.36,12.12,10.72,10.05,9.62,8.44,8.49,7.18,7.42,6.15,6.54,5.24,5.76,4.35,5.02,3.77,4.46,3.11,3.88,2.7,3.3,2.32,2.97,2.12,2.67,1.83,2.49,1.55,2.17,1.4,1.8,1.25,1.65,1.12,1.44,0.97,1.25,0.89,1.07,0.78,1.01,0.72,0.88,0.66,0.76,0.6,0.66,0.57,0.61,0.51,0.54,0.4,0.51,0.36,0.46,0.32,0.4,0.27,0.37,0.24,0.35,0.23
21m TTC,48.04,51.96,42.58,45.89,36.81,39.9,31.71,34.54,27.31,29.4,23.33,24.8,20.16,21.13,17.36,17.97,14.85,14.84,13.01,12.62,11.32,10.69,9.87,9.15,8.67,7.69,7.7,6.65,6.77,5.83,5.81,5.0,5.18,4.27,4.64,3.4,4.07,2.98,3.73,2.61,3.21,2.2,2.75,2.0,2.4,1.71,2.2,1.46,1.82,1.27,1.65,1.16,1.47,1.07,1.35,0.98,1.27,0.89,1.1,0.83,0.97,0.73,0.85,0.66,0.77,0.57,0.73,0.53,0.55,0.45,0.52,0.4,0.49,0.37,0.44,0.33,0.41,0.32,0.36,0.31
22m TTC,47.87,52.13,42.08,46.23,36.95,40.35,32.07,34.79,27.74,29.69,23.77,25.31,20.49,21.61,17.7,18.34,15.41,15.21,13.5,12.76,11.78,10.7,10.35,9.13,9.13,7.83,8.07,6.75,6.97,5.74,6.19,5.03,5.36,4.34,4.85,3.75,4.29,3.31,3.82,2.83,3.31,2.42,2.91,2.16,2.46,1.91,2.16,1.73,1.95,1.49,1.71,1.34,1.54,1.15,1.33,1.0,1.26,0.89,1.15,0.83,1.06,0.75,0.94,0.74,0.82,0.65,0.72,0.57,0.6,0.45,0.57,0.43,0.49,0.37,0.45,0.34,0.4,0.3,0.38,0.26
23m TTC,48.02,51.99,42.36,46.07,36.96,40.31,32.44,34.86,28.09,30.26,24.35,26.13,20.91,21.98,18.36,18.6,15.85,15.64,13.93,13.26,12.21,11.23,10.79,9.58,9.51,8.09,8.37,7.02,7.24,5.91,6.36,5.09,5.72,4.36,5.04,3.79,4.48,3.29,3.93,2.85,3.45,2.61,3.05,2.33,2.78,2.09,2.46,1.89,2.13,1.76,1.96,1.47,1.71,1.31,1.51,1.18,1.42,1.04,1.31,0.88,1.18,0.76,1.07,0.67,0.92,0.65,0.84,0.63,0.73,0.49,0.65,0.44,0.54,0.38,0.52,0.35,0.47,0.32,0.43,0.29
24m TTC,47.47,52.53,42.38,46.71,37.36,40.58,32.5,35.46,28.19,30.43,24.54,26.1,21.2,22.23,18.36,18.93,16.08,15.98,14.12,13.38,12.52,11.2,10.99,9.71,9.69,8.38,8.68,7.12,7.62,5.98,6.62,5.28,5.88,4.59,5.27,4.03,4.67,3.45,4.08,3.07,3.76,2.72,3.33,2.37,2.94,2.08,2.68,1.88,2.38,1.7,2.05,1.45,1.76,1.33,1.57,1.16,1.47,0.99,1.41,0.92,1.31,0.79,1.25,0.74,1.0,0.66,0.95,0.61,0.8,0.5,0.71,0.47,0.65,0.43,0.59,0.41,0.53,0.4,0.49,0.35
25m TTC,47.48,52.52,42.37,46.42,37.16,41.11,32.49,35.8,28.24,31.12,24.73,26.54,21.72,22.34,19.05,18.89,16.83,16.02,14.68,13.53,12.91,11.73,11.4,9.71,10.11,8.44,8.77,7.35,7.86,6.3,7.02,5.37,6.28,4.6,5.67,4.03,4.87,3.44,4.34,3.02,3.88,2.62,3.45,2.36,3.05,2.13,2.74,1.95,2.46,1.74,2.18,1.55,1.96,1.38,1.68,1.29,1.48,1.2,1.39,1.08,1.31,0.93,1.18,0.8,1.11,0.71,1.04,0.63,0.85,0.5,0.76,0.49,0.71,0.46,0.66,0.43,0.6,0.42,0.52,0.39
26m TTC,47.7,52.3,42.57,46.72,37.32,41.23,32.5,36.04,28.76,31.08,24.86,26.74,21.83,22.77,18.95,19.62,16.77,16.7,14.72,14.22,13.07,11.99,11.45,10.27,10.01,8.8,8.87,7.52,7.92,6.3,7.18,5.4,6.48,4.72,5.78,4.06,4.92,3.66,4.33,3.19,3.9,2.77,3.57,2.52,3.14,2.3,2.9,1.99,2.59,1.84,2.3,1.69,1.99,1.51,1.88,1.39,1.72,1.24,1.6,1.13,1.49,1.07,1.32,0.93,1.23,0.82,1.17,0.69,0.9,0.56,0.76,0.53,0.7,0.51,0.65,0.46,0.58,0.44,0.5,0.4
27m TTC,47.94,52.08,42.37,46.81,37.45,41.32,32.53,36.26,28.76,31.59,25.24,27.35,21.84,23.59,19.31,20.28,17.0,17.27,15.03,14.39,13.14,12.16,11.63,10.42,10.37,8.96,9.19,7.71,8.21,6.39,7.38,5.52,6.4,4.84,5.72,4.18,5.18,3.78,4.63,3.36,4.01,3.0,3.56,2.6,3.24,2.35,3.01,2.11,2.72,1.84,2.43,1.72,2.22,1.59,2.04,1.39,1.89,1.31,1.64,1.13,1.51,1.0,1.43,0.95,1.31,0.87,1.19,0.81,0.97,0.68,0.88,0.55,0.83,0.52,0.75,0.5,0.71,0.44,0.59,0.39
28m TTC,47.54,52.46,42.48,46.94,37.57,41.39,32.86,36.48,28.82,31.71,25.11,27.64,22.06,24.16,19.31,20.96,17.13,17.54,15.3,14.94,13.23,12.89,11.81,10.76,10.47,9.13,9.19,8.02,8.17,6.74,7.47,5.79,6.68,4.98,5.88,4.37,5.27,3.86,4.66,3.43,4.14,3.01,3.67,2.75,3.41,2.45,3.04,2.21,2.75,2.01,2.54,1.85,2.3,1.62,2.14,1.46,1.89,1.28,1.77,1.09,1.58,1.03,1.5,0.94,1.38,0.88,1.27,0.81,1.07,0.67,0.93,0.63,0.82,0.59,0.77,0.57,0.72,0.52,0.64,0.45
29m TTC,47.96,52.04,42.79,47.12,37.88,41.61,33.26,36.84,29.08,32.43,25.24,28.16,22.12,24.39,19.56,21.01,17.19,18.04,14.98,15.35,13.43,13.03,11.92,10.96,10.63,9.48,9.62,8.1,8.82,6.94,7.85,5.9,6.95,5.16,6.28,4.51,5.59,3.97,4.93,3.5,4.43,3.16,4.02,2.76,3.68,2.56,3.3,2.29,2.98,2.04,2.63,1.85,2.35,1.72,2.15,1.59,2.0,1.44,1.81,1.28,1.7,1.1,1.61,1.02,1.49,0.88,1.36,0.82,1.11,0.68,1.07,0.61,0.94,0.55,0.87,0.53,0.8,0.47,0.7,0.44
30m TTC,48.01,51.99,42.95,46.82,38.08,41.7,33.64,36.81,29.31,32.35,25.6,28.23,22.61,24.47,19.88,21.19,17.48,18.08,15.59,15.38,13.71,12.94,12.32,11.21,11.06,9.76,9.9,8.26,8.95,6.94,8.1,5.96,7.39,5.31,6.48,4.76,5.89,4.1,5.13,3.66,4.65,3.24,4.18,2.88,3.81,2.59,3.44,2.3,3.04,2.12,2.81,1.91,2.57,1.68,2.35,1.56,2.13,1.42,1.99,1.24,1.76,1.16,1.6,1.05,1.51,0.99,1.37,0.89,1.15,0.72,1.08,0.66,0.97,0.61,0.91,0.52,0.82,0.5,0.74,0.48
31m TTC,47.7,52.32,42.75,47.03,38.42,42.02,33.96,37.16,29.89,32.82,26.27,28.8,22.89,24.71,20.17,21.5,17.87,18.29,15.84,15.67,13.97,13.57,12.32,11.47,11.15,9.96,10.01,8.69,9.1,7.47,8.25,6.38,7.32,5.55,6.58,4.86,5.95,4.21,5.45,3.83,4.88,3.48,4.32,3.13,3.97,2.78,3.55,2.51,3.25,2.18,3.01,1.97,2.72,1.72,2.38,1.59,2.13,1.45,2.0,1.31,1.86,1.21,1.73,1.12,1.58,1.08,1.41,0.94,1.2,0.8,1.13,0.78,1.04,0.72,0.95,0.65,0.89,0.58,0.74,0.53
32m TTC,48.36,51.64,43.45,46.74,38.72,42.02,34.24,37.46,30.44,32.98,26.52,28.89,23.38,25.18,20.55,21.68,18.26,18.55,15.93,16.04,14.33,13.89,12.71,11.73,11.35,10.11,10.04,8.86,9.12,7.7,8.3,6.86,7.47,5.98,6.94,5.18,6.19,4.44,5.54,4.06,4.95,3.54,4.4,3.16,4.0,2.66,3.67,2.43,3.16,2.22,2.94,1.97,2.72,1.74,2.45,1.63,2.3,1.49,2.13,1.33,1.96,1.23,1.8,1.16,1.68,1.08,1.6,0.94,1.36,0.8,1.19,0.75,1.07,0.73,1.0,0.65,0.92,0.55,0.85,0.5
33m TTC,48.37,51.63,43.72,46.77,39.19,42.12,34.47,37.47,30.28,33.27,26.56,29.13,23.4,25.43,20.93,21.83,18.47,18.8,16.21,16.32,14.41,13.83,12.87,12.05,11.38,10.38,10.4,9.07,9.26,7.77,8.44,6.83,7.62,6.08,6.93,5.42,6.25,4.8,5.6,4.25,5.07,3.69,4.53,3.28,4.17,2.88,3.78,2.59,3.54,2.37,3.17,2.11,2.91,1.9,2.68,1.76,2.4,1.61,2.2,1.52,2.02,1.41,1.84,1.23,1.76,1.09,1.62,1.0,1.29,0.81,1.18,0.75,1.12,0.7,1.01,0.68,0.93,0.64,0.89,0.59
34m TTC,48.49,51.52,43.7,46.83,39.04,42.06,34.9,37.54,30.64,33.38,26.99,29.03,23.79,25.41,20.98,22.3,18.41,19.12,16.45,16.19,14.93,13.97,13.26,12.37,11.78,10.75,10.45,9.44,9.49,8.12,8.52,7.24,7.89,6.12,7.18,5.53,6.58,4.81,5.87,4.38,5.34,3.74,4.75,3.4,4.35,3.04,4.02,2.72,3.64,2.47,3.27,2.24,3.0,2.01,2.74,1.78,2.53,1.57,2.27,1.42,2.11,1.3,1.97,1.23,1.84,1.08,1.7,0.99,1.41,0.87,1.32,0.81,1.2,0.71,1.1,0.66,0.95,0.6,0.89,0.58
35m TTC,48.65,51.35,44.07,46.48,39.43,41.87,34.84,37.72,30.79,33.09,27.16,29.35,23.76,25.69,20.99,22.48,18.45,19.16,16.42,16.66,14.86,14.49,13.36,12.65,11.97,10.95,10.61,9.55,9.48,8.49,8.69,7.4,7.89,6.5,7.21,5.76,6.42,5.07,5.95,4.52,5.41,3.93,5.11,3.49,4.6,3.1,4.23,2.86,3.8,2.57,3.49,2.26,3.09,2.04,2.84,1.88,2.62,1.67,2.43,1.51,2.23,1.4,2.02,1.29,1.8,1.19,1.66,1.08,1.34,0.93,1.27,0.89,1.16,0.82,1.03,0.74,0.98,0.65,0.88,0.6
36m TTC,48.65,51.35,43.84,46.66,39.44,42.02,34.86,37.53,31.18,33.22,27.59,29.27,24.15,25.6,21.16,22.36,18.73,19.47,16.38,16.87,14.7,14.78,13.39,12.93,11.87,11.26,10.81,9.86,9.78,8.73,8.89,7.46,7.93,6.57,7.33,5.75,6.68,5.24,6.02,4.71,5.51,4.03,5.04,3.6,4.68,3.27,4.21,2.93,3.74,2.61,3.43,2.37,3.13,2.04,2.84,1.86,2.57,1.73,2.31,1.58,2.12,1.52,1.91,1.44,1.8,1.33,1.66,1.2,1.47,0.97,1.34,0.88,1.19,0.79,1.12,0.72,1.05,0.63,1.0,0.56
37m TTC,48.16,51.84,43.86,46.95,39.59,42.42,35.25,37.94,31.62,33.64,27.93,29.87,24.49,25.9,21.76,22.57,19.07,19.82,17.0,17.29,15.15,15.01,13.54,13.03,12.11,11.66,10.96,10.25,9.97,8.99,9.12,7.89,8.21,6.85,7.5,5.96,6.98,5.3,6.26,4.69,5.72,4.15,5.21,3.63,4.72,3.2,4.38,2.97,4.07,2.67,3.7,2.41,3.28,2.15,3.03,1.91,2.85,1.76,2.51,1.62,2.28,1.52,2.01,1.37,1.92,1.28,1.67,1.17,1.46,1.03,1.4,0.91,1.27,0.86,1.19,0.79,1.05,0.73,1.03,0.64
38m TTC,48.33,51.68,43.82,47.11,39.61,42.78,35.57,37.93,31.68,33.95,28.28,29.66,24.58,26.4,22.11,22.74,19.62,19.96,17.37,17.59,15.48,15.31,13.67,13.37,12.17,11.68,11.04,10.32,9.9,9.07,9.1,7.96,8.15,7.02,7.57,6.29,7.07,5.67,6.43,5.01,5.94,4.5,5.34,3.93,4.92,3.5,4.48,3.12,4.04,2.81,3.76,2.43,3.41,2.08,3.11,1.91,2.94,1.77,2.69,1.64,2.36,1.54,2.15,1.41,1.96,1.26,1.8,1.16,1.59,1.06,1.51,0.92,1.42,0.87,1.28,0.78,1.09,0.74,0.94,0.68
39m TTC,48.34,51.66,43.87,47.29,39.71,42.88,35.57,38.38,31.98,34.02,28.15,30.15,25.08,26.7,22.16,22.99,19.85,20.18,17.74,17.82,15.9,15.62,14.15,13.8,12.74,12.15,11.31,10.65,10.29,9.36,9.32,8.2,8.44,7.1,7.73,6.21,7.12,5.71,6.55,5.16,6.0,4.63,5.6,4.12,5.16,3.51,4.71,3.23,4.35,2.85,3.94,2.55,3.51,2.33,3.24,2.1,3.01,1.87,2.75,1.71,2.56,1.56,2.3,1.42,2.08,1.29,1.84,1.21,1.59,1.01,1.49,0.94,1.33,0.84,1.23,0.8,1.13,0.72,1.05,0.7
40m TTC,48.37,51.63,44.17,47.06,40.09,42.79,35.86,38.22,32.08,34.18,28.46,30.28,25.59,26.65,22.72,23.44,20.28,20.4,17.97,17.72,16.12,15.74,14.47,13.98,13.18,12.19,11.8,10.86,10.56,9.67,9.67,8.42,8.7,7.5,8.05,6.58,7.3,5.83,6.57,5.24,5.96,4.8,5.49,4.17,5.13,3.65,4.74,3.25,4.38,2.96,4.08,2.64,3.68,2.44,3.35,2.22,3.05,2.01,2.79,1.83,2.49,1.68,2.26,1.57,2.11,1.37,1.97,1.28,1.68,1.04,1.48,0.95,1.33,0.86,1.21,0.76,1.16,0.7,1.12,0.64
41m TTC,48.61,51.39,44.01,47.35,39.93,42.56,35.92,38.71,32.31,34.48,28.77,30.7,25.67,27.04,22.86,23.7,20.55,20.55,18.39,18.14,16.46,16.15,14.73,14.35,13.2,12.71,12.07,11.16,10.76,9.83,9.82,8.67,8.87,7.77,8.14,6.84,7.49,5.99,6.87,5.39,6.3,4.64,5.68,4.14,5.29,3.74,4.82,3.31,4.53,2.98,4.13,2.7,3.76,2.44,3.39,2.26,3.06,2.07,2.82,1.83,2.54,1.69,2.44,1.54,2.29,1.42,2.06,1.33,1.74,1.13,1.58,1.03,1.49,0.92,1.38,0.85,1.25,0.76,1.16,0.66
42m TTC,48.3,51.7,43.87,47.11,39.98,42.62,36.31,38.64,32.54,34.6,29.1,30.57,26.01,27.09,23.13,23.99,20.53,21.24,18.56,18.62,16.63,16.64,14.88,14.75,13.54,13.03,12.23,11.37,11.03,10.12,10.1,8.9,9.28,7.71,8.36,6.86,7.62,6.08,7.02,5.32,6.4,4.81,5.96,4.24,5.45,3.82,5.01,3.5,4.48,3.18,4.14,2.85,3.84,2.58,3.56,2.33,3.31,2.21,3.02,2.01,2.77,1.78,2.52,1.67,2.34,1.54,2.17,1.46,1.78,1.22,1.68,1.14,1.55,1.02,1.42,0.95,1.3,0.9,1.2,0.81
43m TTC,48.48,51.52,44.12,47.34,40.02,42.86,36.23,38.59,32.35,34.7,29.29,30.77,26.11,27.36,23.42,24.21,20.94,21.17,18.89,18.72,16.88,16.7,15.25,14.96,13.74,13.22,12.37,11.49,11.24,10.16,10.17,8.89,9.25,7.89,8.49,7.02,7.66,6.29,7.02,5.47,6.59,4.94,6.03,4.41,5.5,4.0,5.05,3.63,4.6,3.28,4.26,2.97,3.87,2.72,3.58,2.43,3.38,2.28,3.11,2.1,2.84,1.93,2.63,1.79,2.43,1.66,2.28,1.5,1.93,1.21,1.76,1.14,1.57,1.08,1.4,0.97,1.32,0.86,1.26,0.82
44m TTC,48.18,51.82,44.0,47.06,40.03,42.92,36.12,38.52,32.42,34.6,29.06,30.96,26.0,27.35,23.21,24.26,21.16,21.45,19.04,18.94,16.98,16.69,15.43,14.76,13.87,13.36,12.67,11.78,11.47,10.29,10.38,9.11,9.47,8.05,8.7,7.23,7.96,6.29,7.38,5.64,6.7,5.14,6.13,4.59,5.71,4.13,5.22,3.72,4.77,3.44,4.45,3.08,4.03,2.85,3.74,2.51,3.4,2.34,3.2,2.1,3.0,2.01,2.68,1.89,2.5,1.78,2.26,1.62,1.86,1.29,1.65,1.2,1.51,1.08,1.36,1.01,1.31,0.96,1.16,0.85
45m TTC,48.26,51.74,43.81,47.12,39.99,43.12,36.35,38.93,32.88,34.89,29.39,31.1,26.02,27.67,23.37,24.37,21.34,21.57,19.03,19.17,17.34,16.92,15.57,14.86,14.04,13.39,12.81,11.8,11.47,10.37,10.63,9.13,9.64,8.2,8.85,7.28,8.05,6.5,7.45,5.81,6.66,5.16,6.29,4.65,5.63,4.27,5.2,3.79,4.76,3.4,4.43,3.14,4.02,2.87,3.76,2.62,3.57,2.51,3.24,2.28,3.04,2.03,2.9,1.85,2.7,1.75,2.46,1.59,1.97,1.31,1.78,1.25,1.49,1.17,1.34,1.07,1.29,1.0,1.18,0.96
46m TTC,47.86,52.14,44.03,47.64,40.5,43.59,36.71,39.18,33.01,35.11,29.65,31.06,26.52,27.8,23.85,24.62,21.4,22.09,19.37,19.32,17.29,17.08,15.66,15.1,14.13,13.28,12.94,11.95,11.74,10.58,10.74,9.15,9.9,8.3,9.13,7.38,8.39,6.55,7.63,5.79,6.91,5.22,6.21,4.69,5.76,4.22,5.3,3.85,4.86,3.53,4.46,3.27,4.14,3.02,3.8,2.76,3.5,2.56,3.33,2.43,3.04,2.24,2.78,1.93,2.62,1.78,2.46,1.66,2.09,1.44,1.86,1.33,1.75,1.23,1.56,1.12,1.37,0.95,1.24,0.86
47m TTC,47.99,52.01,44.14,47.9,40.56,43.93,36.78,39.66,33.02,35.64,29.78,31.48,26.82,28.17,23.96,24.99,21.8,21.95,19.42,19.41,17.43,17.09,15.45,15.32,14.3,13.4,13.07,11.9,11.92,10.6,10.93,9.33,10.06,8.1,9.22,7.33,8.5,6.52,7.86,5.93,7.21,5.36,6.5,4.8,6.01,4.33,5.41,3.95,5.0,3.61,4.63,3.24,4.2,2.99,3.91,2.8,3.59,2.54,3.28,2.38,3.04,2.24,2.83,2.07,2.6,1.94,2.4,1.84,2.05,1.58,1.89,1.46,1.78,1.26,1.6,1.12,1.47,1.04,1.36,0.94
48m TTC,48.08,51.93,44.36,47.46,40.53,43.52,36.94,39.56,33.27,35.32,30.12,31.67,26.9,27.87,24.26,24.61,21.8,21.83,19.54,19.26,17.73,17.25,16.16,14.99,14.62,13.33,13.04,11.76,12.07,10.48,10.95,9.32,10.09,8.41,9.31,7.45,8.69,6.63,7.94,5.91,7.26,5.45,6.47,4.99,5.97,4.47,5.53,4.03,5.14,3.66,4.69,3.33,4.26,3.06,3.93,2.84,3.59,2.7,3.32,2.56,2.96,2.36,2.75,2.2,2.58,2.02,2.38,1.86,2.09,1.58,1.99,1.48,1.84,1.25,1.72,1.12,1.55,1.08,1.49,1.01
49m TTC,48.45,51.55,44.4,47.59,40.86,43.38,37.14,39.51,33.75,35.73,30.13,31.84,27.03,27.98,24.4,24.71,22.01,21.93,19.73,19.47,17.96,17.33,16.34,15.41,14.73,13.79,13.52,12.23,12.16,10.7,11.26,9.61,10.34,8.5,9.43,7.57,8.59,6.71,7.86,6.02,7.21,5.56,6.62,5.02,6.13,4.55,5.65,4.1,5.3,3.74,4.84,3.49,4.43,3.22,3.98,3.01,3.66,2.81,3.39,2.67,3.12,2.42,2.86,2.26,2.65,2.01,2.36,1.84,2.06,1.61,1.99,1.45,1.91,1.38,1.77,1.21,1.68,1.1,1.52,1.02
50m TTC,48.47,51.53,44.49,47.49,40.77,43.49,37.36,39.32,33.73,35.35,30.69,31.72,27.77,27.96,25.06,24.91,22.45,22.18,20.12,19.7,18.31,17.62,16.53,15.49,15.13,13.63,13.63,12.13,12.43,10.75,11.29,9.57,10.44,8.56,9.59,7.65,8.79,6.77,7.94,5.99,7.3,5.5,6.74,5.14,6.12,4.61,5.69,4.22,5.33,3.81,4.91,3.47,4.6,3.19,4.08,3.01,3.85,2.78,3.57,2.55,3.22,2.39,2.98,2.23,2.7,2.04,2.46,1.94,2.1,1.61,2.01,1.51,1.9,1.39,1.73,1.23,1.63,1.1,1.56,1.04
51m TTC,48.42,51.58,44.51,47.59,40.69,43.57,37.12,39.28,33.97,35.27,30.78,31.35,27.61,27.96,25.09,25.0,22.52,22.53,20.18,19.89,18.34,17.67,16.73,15.7,15.07,13.94,13.76,12.32,12.67,10.92,11.51,9.69,10.65,8.77,9.85,7.86,9.12,7.12,8.44,6.37,7.76,5.66,7.13,5.17,6.55,4.64,6.02,4.24,5.54,3.78,4.98,3.55,4.55,3.31,4.26,3.05,3.86,2.82,3.47,2.63,3.21,2.38,3.03,2.22,2.81,2.09,2.65,1.96,2.28,1.62,2.09,1.48,1.92,1.41,1.84,1.29,1.67,1.21,1.55,1.12
52m TTC,48.33,51.67,44.54,47.69,40.97,43.73,37.53,39.44,34.13,35.66,30.74,31.79,27.63,28.25,24.81,25.39,22.55,22.57,20.43,19.93,18.56,17.73,16.86,15.88,15.27,14.14,13.8,12.51,12.67,11.17,11.76,9.98,10.73,8.95,9.94,8.1,9.16,7.27,8.46,6.6,7.82,5.95,7.07,5.41,6.51,4.8,6.13,4.31,5.76,3.98,5.16,3.76,4.71,3.46,4.3,3.17,3.91,2.98,3.65,2.73,3.43,2.53,3.16,2.3,2.95,2.18,2.77,2.03,2.34,1.76,2.15,1.61,1.98,1.49,1.83,1.37,1.72,1.28,1.63,1.23
53m TTC,48.35,51.65,44.4,47.35,40.72,43.67,37.46,39.61,34.41,35.95,31.13,32.12,28.02,28.78,25.27,25.6,22.92,22.55,20.7,19.99,18.8,17.82,17.06,15.98,15.59,14.22,14.23,12.65,12.95,11.35,11.87,10.14,10.83,9.16,10.03,8.16,9.28,7.2,8.61,6.55,8.07,5.93,7.36,5.38,6.81,4.8,6.26,4.38,5.82,3.99,5.23,3.72,4.82,3.39,4.4,3.14,4.09,2.97,3.76,2.71,3.54,2.5,3.24,2.31,2.91,2.16,2.77,2.02,2.43,1.78,2.23,1.68,2.1,1.57,2.01,1.49,1.87,1.35,1.72,1.29
54m TTC,48.78,51.22,44.61,47.24,40.79,43.28,37.41,39.46,34.22,35.71,31.15,32.27,28.14,28.9,25.61,25.7,23.17,22.84,21.03,20.33,18.94,18.05,17.21,16.1,15.7,14.33,14.51,12.86,13.25,11.4,12.23,10.28,11.23,8.99,10.09,8.1,9.36,7.33,8.69,6.57,7.96,6.0,7.47,5.32,6.76,4.86,6.33,4.49,5.95,4.11,5.45,3.72,5.0,3.48,4.54,3.23,4.12,2.94,3.77,2.72,3.51,2.62,3.35,2.46,3.07,2.25,2.88,2.11,2.56,1.79,2.42,1.7,2.29,1.6,2.11,1.48,1.96,1.41,1.75,1.36
55m TTC,48.64,51.36,44.55,47.16,40.85,43.28,37.49,39.64,34.31,35.79,31.29,32.34,28.05,29.01,25.49,25.99,23.1,23.36,21.0,20.56,19.27,18.42,17.58,16.14,15.84,14.46,14.36,12.94,13.36,11.45,12.31,10.18,11.18,9.12,10.42,8.04,9.45,7.35,8.62,6.57,8.02,6.06,7.61,5.6,6.87,5.01,6.36,4.71,5.93,4.25,5.53,3.85,5.08,3.57,4.66,3.25,4.28,3.06,3.94,2.84,3.64,2.66,3.27,2.48,3.04,2.3,2.85,2.12,2.56,1.9,2.4,1.77,2.3,1.63,2.15,1.47,1.92,1.38,1.75,1.25
56m TTC,48.6,51.4,44.59,47.3,40.71,43.4,37.41,39.68,34.35,35.87,31.32,32.77,28.29,29.16,25.73,26.33,23.24,23.57,21.24,20.65,19.28,18.18,17.53,16.41,15.95,14.54,14.72,13.12,13.52,11.71,12.19,10.4,11.26,9.32,10.35,8.3,9.5,7.5,8.74,6.71,8.08,6.1,7.4,5.61,6.92,5.12,6.45,4.65,6.05,4.29,5.68,4.02,5.3,3.66,4.91,3.37,4.35,3.06,3.96,2.8,3.7,2.55,3.42,2.45,3.17,2.29,2.96,2.14,2.6,1.89,2.4,1.8,2.21,1.74,2.1,1.56,1.99,1.42,1.75,1.25
57m TTC,48.55,51.45,44.46,47.46,40.78,43.52,37.79,40.02,34.55,36.24,31.68,32.96,28.66,29.59,25.92,26.53,23.28,23.76,21.53,21.1,19.56,18.73,17.66,16.52,16.21,14.91,14.83,13.27,13.41,11.76,12.53,10.61,11.51,9.64,10.41,8.33,9.56,7.34,8.81,6.76,8.15,6.17,7.46,5.6,7.02,5.22,6.53,4.84,6.17,4.5,5.73,4.15,5.39,3.73,5.01,3.43,4.6,3.17,4.25,2.88,3.9,2.68,3.57,2.46,3.28,2.33,3.05,2.2,2.58,1.94,2.46,1.78,2.31,1.67,2.14,1.55,2.01,1.43,1.85,1.37
58m TTC,48.86,51.14,44.96,47.27,41.27,43.33,37.83,40.06,34.47,36.58,31.67,33.16,28.62,29.76,26.12,26.67,23.91,23.71,21.61,21.14,19.59,18.76,17.76,16.85,16.46,15.07,15.04,13.58,13.61,12.1,12.54,10.8,11.47,9.64,10.51,8.53,9.8,7.72,9.17,6.98,8.55,6.4,7.78,5.88,7.2,5.36,6.64,4.92,6.23,4.54,5.82,4.13,5.48,3.82,5.02,3.57,4.67,3.28,4.27,2.98,3.92,2.73,3.63,2.58,3.32,2.46,3.01,2.25,2.66,1.93,2.48,1.84,2.41,1.73,2.19,1.64,2.09,1.54,1.94,1.44
59m TTC,49.12,50.88,45.09,47.16,41.64,43.59,38.07,40.12,34.61,36.62,31.93,33.26,28.68,29.98,26.1,26.53,23.71,23.96,21.69,21.17,19.65,18.83,17.91,16.92,16.45,15.0,14.98,13.43,13.59,12.04,12.49,10.83,11.48,9.85,10.71,8.73,9.88,7.85,9.12,6.86,8.42,6.28,7.81,5.75,7.19,5.37,6.64,5.0,6.24,4.57,5.76,4.26,5.32,3.98,4.85,3.68,4.57,3.4,4.31,3.16,3.96,2.85,3.77,2.67,3.53,2.45,3.22,2.29,2.75,2.02,2.52,1.87,2.36,1.75,2.19,1.61,2.07,1.54,1.92,1.43
60m TTC,49.04,50.96,45.28,47.11,41.73,43.47,38.25,40.19,34.88,36.6,31.96,33.43,29.02,29.95,26.46,26.62,23.92,23.73,21.83,21.17,19.93,19.02,18.2,17.1,16.55,15.27,15.03,13.6,13.81,12.16,12.67,10.86,11.71,9.86,10.72,8.96,9.85,8.07,9.1,7.27,8.56,6.48,7.94,5.96,7.25,5.52,6.73,5.09,6.23,4.75,5.72,4.36,5.38,4.06,4.99,3.71,4.69,3.48,4.4,3.25,4.05,2.99,3.73,2.83,3.56,2.62,3.3,2.43,2.74,2.13,2.56,1.99,2.36,1.84,2.27,1.72,2.11,1.59,1.97,1.45
